city,lat,lon,popul,country
Berlin,52.5167,13.3833,3644826,Germany
Hamburg,53.55,10.0,1841179,Germany
Munich,48.1372,11.5755,1471508,Germany
Cologne,50.9422,6.9578,1085664,Germany
Frankfurt,50.1136,8.6797,753056,Germany
Bremen,53.1153,8.7975,724909,Germany
Stuttgart,48.7761,9.1775,634830,Germany
Dusseldorf,51.2311,6.7724,619294,Germany
Dortmund,51.5139,7.4653,587010,Germany
Essen,51.4508,7.0131,583109,Germany
Dresden,51.0493,13.7384,555805,Germany
Leipzig,51.35,12.3833,542529,Germany
Hannover,52.3744,9.7386,538068,Germany
Nuremberg,49.4528,11.0778,518365,Germany
Duisburg,51.4322,6.7611,498590,Germany
Bochum,51.4833,7.2167,364628,Germany
Wuppertal,51.2667,7.1833,354382,Germany
Bielefeld,52.0167,8.5333,333786,Germany
Bonn,50.7339,7.0997,327258,Germany
Munster,51.9625,7.6256,314319,Germany
Karlsruhe,49.0167,8.4,313092,Germany
Mannheim,49.4878,8.4661,309370,Germany
Augsburg,48.3717,10.8983,295135,Germany
Wiesbaden,50.0825,8.24,278342,Germany
Gelsenkirchen,51.5167,7.1,260654,Germany
Monchengladbach,51.2,6.4333,261454,Germany
Kiel,54.3233,10.1394,247548,Germany
Braunschweig,52.2692,10.5211,248292,Germany
Aachen,50.7762,6.0838,247380,Germany
Chemnitz,50.8333,12.9167,245403,Germany
Halle,51.4828,11.9697,239257,Germany
Magdeburg,52.1278,11.6292,238697,Germany
Freiburg im Breisgau,47.9947,7.8497,230241,Germany
Krefeld,51.3333,6.5667,227020,Germany
Lubeck,53.8697,10.6864,217198,Germany
Oberhausen,51.4699,6.8514,210829,Germany
Rostock,54.0833,12.1333,208886,Germany
Erfurt,50.9787,11.0328,203254,Germany
Kassel,51.3158,9.4979,201585,Germany
Hagen,51.3594,7.475,188814,Germany
Mainz,50.0,8.2711,184997,Germany
Saarbrucken,49.2333,7.0,180741,Germany
Hamm,51.6667,7.8167,179111,Germany
Potsdam,52.4,13.0667,178089,Germany
Ludwigshafen,49.4811,8.4353,171061,Germany
Mulheim,51.4283,6.8789,170880,Germany
Oldenburg,53.1439,8.2139,168210,Germany
Osnabruck,52.2789,8.0431,164748,Germany
Leverkusen,51.0333,6.9833,163838,Germany
Heidelberg,49.4122,8.71,160355,Germany
Solingen,51.1667,7.0833,159360,Germany
Darmstadt,49.8667,8.65,159207,Germany
Herne,51.5426,7.219,156374,Germany
Neuss,51.2003,6.6939,153796,Germany
Regensburg,49.0167,12.0833,152610,Germany
Paderborn,51.7167,8.7667,150580,Germany
Ingolstadt,48.7636,11.4261,136981,Germany
Furth,49.4783,10.9903,127748,Germany
Wurzburg,49.7944,9.9294,127880,Germany
Ulm,48.3984,9.9916,126329,Germany
Heilbronn,49.1404,9.218,125960,Germany
Pforzheim,48.895,8.705,125542,Germany
Wolfsburg,52.4231,10.7872,124151,Germany
Gottingen,51.5339,9.9356,119801,Germany
Bottrop,51.5232,6.9253,117383,Germany
Reutlingen,48.4833,9.2167,115966,Germany
Koblenz,50.3597,7.5978,114024,Germany
Bremerhaven,53.55,8.5833,113634,Germany
Recklinghausen,51.6167,7.2,112267,Germany
Erlangen,49.5964,11.0044,111962,Germany
Bergisch Gladbach,50.9917,7.1367,111966,Germany
Remscheid,51.1906,7.2247,110994,Germany
Jena,50.9272,11.5864,111407,Germany
Trier,49.7567,6.6414,110636,Germany
Moers,51.4592,6.6197,103725,Germany
Salzgitter,52.1503,10.3593,104948,Germany
Siegen,50.8756,8.0167,102836,Germany
Hildesheim,52.15,9.95,101990,Germany
Gutersloh,51.9,8.3833,100194,Germany
Cottbus,51.7606,14.3342,100219,Germany
Kaiserslautern,49.4447,7.7689,100030,Germany
Schwerin,53.6333,11.4167,95818,Germany
Ludwigsburg,48.8975,9.1919,93499,Germany
Esslingen,48.7406,9.3108,93542,Germany
Gladbeck,51.5713,6.9827,75687,Germany
Hilden,51.1714,6.9394,55764,Germany
Elmshorn,53.7547,9.6536,49883,Germany
Pinneberg,53.6591,9.8009,43280,Germany
Kornwestheim,48.8597,9.185,33803,Germany
Weingarten,47.8078,9.6417,24943,Germany
Wolfratshausen,47.9133,11.4278,18836,Germany
Eppelheim,49.4011,8.6297,15177,Germany
Asperg,48.9064,9.1414,13480,Germany
Steinbach am Taunus,50.1678,8.5719,10682,Germany
Weissenthurm,50.4144,7.4606,9115,Germany
Eichwalde,52.3667,13.6167,6468,Germany
Witten,51.4333,7.3333,96563,Germany
Hanau,50.1328,8.9169,96023,Germany
Gera,50.8782,12.0824,94152,Germany
Iserlohn,51.3833,7.6667,92666,Germany
Duren,50.8,6.4833,90733,Germany
Flensburg,54.7819,9.4367,90164,Germany
Tubingen,48.52,9.0556,90546,Germany
Zwickau,50.7189,12.4961,89540,Germany
Giessen,50.5833,8.6667,88546,Germany
Ratingen,51.3,6.85,87297,Germany
Lunen,51.6167,7.5167,86449,Germany
Konstanz,47.6633,9.1753,84760,Germany
Villingen-Schwenningen,48.0603,8.4586,85181,Germany
Marl,51.6667,7.1167,83941,Germany
Worms,49.6319,8.3653,83330,Germany
Velbert,51.34,7.0416,81984,Germany
Minden,52.2883,8.9167,81682,Germany
Dessau-Rosslau,51.8333,12.2333,81237,Germany
Neumunster,54.0714,9.99,79487,Germany
Norderstedt,53.7064,10.0103,79159,Germany
Bamberg,49.8917,10.8917,77592,Germany
Delmenhorst,53.0506,8.6317,77607,Germany
Viersen,51.2556,6.3917,76905,Germany
Marburg,50.8167,8.7667,76851,Germany
Wilhelmshaven,53.5167,8.1333,76097,Germany
Rheine,52.2833,7.4333,76107,Germany
Troisdorf,50.8161,7.1556,74903,Germany
Bayreuth,49.9481,11.5783,74657,Germany
Luneburg,53.2525,10.4144,75351,Germany
Dorsten,51.66,6.9642,74736,Germany
Castrop-Rauxel,51.55,7.3167,73425,Germany
Detmold,51.9378,8.8833,74388,Germany
Arnsberg,51.3967,8.0644,73628,Germany
Ludenscheid,51.2198,7.6273,72611,Germany
Landshut,48.5397,12.1508,72404,Germany
Brandenburg,52.4117,12.5561,72124,Germany
Bocholt,51.8333,6.6167,71099,Germany
Aschaffenburg,49.9757,9.1478,70527,Germany
Celle,52.6256,10.0825,69602,Germany
Kempten,47.7333,10.3167,68907,Germany
Fulda,50.5528,9.6775,68586,Germany
Dinslaken,51.5667,6.7333,67525,Germany
Aalen,48.8372,10.0936,68456,Germany
Lippstadt,51.6667,8.35,67901,Germany
Herford,52.1146,8.6734,66608,Germany
Kerpen,50.8719,6.6961,66206,Germany
Sindelfingen,48.7133,9.0028,64858,Germany
Weimar,50.9833,11.3167,65090,Germany
Plauen,50.495,12.1383,64931,Germany
Neuwied,50.4286,7.4614,64574,Germany
Dormagen,51.0964,6.84,64335,Germany
Rosenheim,47.8561,12.1289,63324,Germany
Neubrandenburg,53.5569,13.2608,64086,Germany
Grevenbroich,51.0883,6.5875,63620,Germany
Herten,51.6,7.1333,61791,Germany
Bergheim,50.9667,6.65,61612,Germany
Coburg,50.2666,10.9666,61054,Germany
Friedrichshafen,47.6542,9.4792,60865,Germany
Schwabisch Gmund,48.8,9.8,61186,Germany
Garbsen,52.4183,9.5981,60754,Germany
Hurth,50.8775,6.8761,60189,Germany
Stralsund,54.3,13.0833,59421,Germany
Wesel,51.6586,6.6178,60357,Germany
Greifswald,54.0833,13.3833,59382,Germany
Offenburg,48.4708,7.9408,59646,Germany
Langenfeld,51.1167,6.95,58927,Germany
Neu-Ulm,48.3833,10.0,58707,Germany
Unna,51.5347,7.6889,58633,Germany
Goppingen,48.7025,9.6528,57558,Germany
Euskirchen,50.6597,6.7917,57975,Germany
Frankfurt (Oder),52.35,14.55,57873,Germany
Hameln,52.1031,9.36,57510,Germany
Sankt Augustin,50.77,7.1867,55767,Germany
Stolberg,50.7667,6.2333,56792,Germany
Gorlitz,51.1528,14.9872,56324,Germany
Eschweiler,50.8167,6.2833,56385,Germany
Meerbusch,51.2667,6.6667,56189,Germany
Waiblingen,48.8303,9.3169,55449,Germany
Schweinfurt,50.05,10.2333,54032,Germany
Baden-Baden,48.7619,8.2408,55123,Germany
Langenhagen,52.4394,9.74,54631,Germany
Hattingen,51.3992,7.1858,54562,Germany
Bad Homburg,50.2292,8.6105,54248,Germany
Pulheim,51.0,6.8,54071,Germany
Lingen,52.5233,7.3172,54422,Germany
Bad Salzuflen,52.0875,8.7506,54127,Germany
Nordhorn,52.4333,7.0667,53403,Germany
Wetzlar,50.5667,8.5,52954,Germany
Frechen,50.9167,6.8167,52473,Germany
Neustadt,49.35,8.15,53148,Germany
Passau,48.5667,13.4667,52469,Germany
Ahlen,51.7633,7.8911,52582,Germany
Wolfenbuttel,52.1622,10.5369,52174,Germany
Ibbenburen,52.2778,7.7167,51904,Germany
Kleve,51.79,6.14,51845,Germany
Bad Kreuznach,49.8469,7.8669,50948,Germany
Speyer,49.3194,8.4311,50378,Germany
Boblingen,48.6833,9.0,50155,Germany
Willich,51.2631,6.5492,50592,Germany
Gummersbach,51.0333,7.5667,50688,Germany
Ravensburg,47.7831,9.6114,50623,Germany
Goslar,51.906,10.4292,50753,Germany
Rastatt,48.8572,8.2031,49783,Germany
Lorrach,47.6156,7.6614,49347,Germany
Peine,52.3203,10.2336,49952,Germany
Emden,53.3669,7.2061,49913,Germany
Erftstadt,50.8167,6.7667,49801,Germany
Heidenheim,48.6761,10.1544,49526,Germany
Bergkamen,51.6167,7.6333,48725,Germany
Leonberg,48.8014,9.0131,48733,Germany
Frankenthal,49.5333,8.35,48561,Germany
Bad Oeynhausen,52.2,8.8,48702,Germany
Freising,48.4028,11.7489,48634,Germany
Rheda-Wiedenbruck,51.8417,8.3,48505,Germany
Bornheim,50.7592,7.005,48326,Germany
Dachau,48.2603,11.4342,47400,Germany
Gronau,52.2125,7.0417,48072,Germany
Cuxhaven,53.8667,8.7,48358,Germany
Alsdorf,50.8744,6.1615,47018,Germany
Straubing,48.8772,12.5758,47794,Germany
Soest,51.5711,8.1092,47460,Germany
Stade,53.6008,9.4764,47533,Germany
Herzogenrath,50.8667,6.1,46402,Germany
Fellbach,48.8086,9.2758,45671,Germany
Oberursel,50.2028,8.5769,46248,Germany
Landau,49.1994,8.1231,46677,Germany
Schwerte,51.4458,7.5653,46340,Germany
Neunkirchen,49.3448,7.1799,46469,Germany
Filderstadt,48.6667,9.2167,45813,Germany
Dulmen,51.8308,7.2783,46590,Germany
Hof,50.3167,11.9167,45930,Germany
Melle,52.2031,8.3361,46493,Germany
Gotha,50.9489,10.7183,45733,Germany
Bunde,52.2,8.6,45521,Germany
Wittenberg,51.8671,12.6484,46008,Germany
Weinheim,49.5561,8.6697,45284,Germany
Erkrath,51.2239,6.9147,44384,Germany
Rodgau,50.0256,8.8841,45202,Germany
Albstadt,48.2119,9.0239,45327,Germany
Bruhl,50.8333,6.9,44397,Germany
Bruchsal,49.1333,8.6,44644,Germany
Kaufbeuren,47.88,10.6225,43893,Germany
Falkensee,52.5583,13.0917,43838,Germany
Oranienburg,52.7544,13.2369,44512,Germany
Kaarst,51.2278,6.6273,43433,Germany
Bietigheim-Bissingen,48.9667,9.1333,43093,Germany
Memmingen,47.9878,10.1811,43837,Germany
Neustadt am Rubenberge,52.5055,9.4636,44282,Germany
Lehrte,52.3725,9.9769,43999,Germany
Kamen,51.5917,7.6653,42971,Germany
Erkelenz,51.08,6.3156,43364,Germany
Wismar,53.8925,11.465,42550,Germany
Siegburg,50.8014,7.2044,41463,Germany
Nettetal,51.3167,6.2833,42493,Germany
Gifhorn,52.4886,10.5464,42519,Germany
Dreieich,50.0189,8.6961,42091,Germany
Borken,51.8439,6.8583,42530,Germany
Amberg,49.4444,11.8483,41970,Germany
Eisenach,50.9747,10.3244,42370,Germany
Laatzen,52.3077,9.8133,41422,Germany
Heinsberg,51.0631,6.0964,41946,Germany
Homburg,49.3167,7.3333,41811,Germany
Ansbach,49.3,10.5833,41847,Germany
Germering,48.1333,11.3667,40389,Germany
Aurich,53.4714,7.4836,41991,Germany
Nordhausen,51.505,10.7911,41791,Germany
Nurtingen,48.6267,9.3353,41093,Germany
Wunstorf,52.4238,9.4359,41594,Germany
Schwabach,49.3292,11.0208,40792,Germany
Konigswinter,50.6833,7.1833,41243,Germany
Freiberg,50.9119,13.3428,40885,Germany
Kirchheim unter Teck,48.6483,9.4511,40523,Germany
Leinfelden-Echterdingen,48.6928,9.1428,40092,Germany
Bensheim,49.6811,8.6228,40456,Germany
Lemgo,52.0277,8.9043,40696,Germany
Eberswalde,52.8331,13.8331,40387,Germany
Pirmasens,49.2,7.6,40403,Germany
Ostfildern,48.7228,9.2631,39321,Germany
Schwabisch Hall,49.1122,9.7375,40440,Germany
Weissenfels,51.2,11.9667,40409,Germany
Freital,51.0167,13.65,39709,Germany
Buxtehude,53.4769,9.7011,40150,Germany
Huckelhoven,51.0608,6.2197,39931,Germany
Halberstadt,51.8958,11.0467,40256,Germany
Maintal,50.15,8.8333,39298,Germany
Neumarkt,49.2833,11.4667,40002,Germany
Hofheim,50.0876,8.4447,39766,Germany
Lohne,52.2,8.7,39697,Germany
Schorndorf,48.8,9.5333,39634,Germany
Ettlingen,48.9333,8.4,39339,Germany
Volklingen,49.25,6.8333,39374,Germany
Wurselen,50.8247,6.1275,38712,Germany
Mettmann,51.25,6.9667,38829,Germany
Stendal,52.6,11.85,39439,Germany
Ahaus,52.0794,7.0134,39223,Germany
Niederkassel,50.8167,7.0333,38218,Germany
Ilmenau,50.6872,10.9142,39017,Germany
Neu Isenburg,50.0558,8.6971,37668,Germany
Langen,49.9893,8.6803,37902,Germany
Pirna,50.9622,13.9403,38316,Germany
Bitterfeld,51.6167,12.3167,38475,Germany
Bautzen,51.1814,14.4239,38329,Germany
Furstenfeldbruck,48.1778,11.2556,37677,Germany
Backnang,48.9464,9.4306,37253,Germany
Kamp-Lintfort,51.5,6.5333,37391,Germany
Greven,52.0917,7.6083,37692,Germany
Papenburg,53.0667,7.4,37579,Germany
Wesseling,50.8207,6.9786,36146,Germany
Beckum,51.7558,8.0408,36646,Germany
Konigs Wusterhausen,52.2917,13.625,37190,Germany
Warendorf,51.9539,7.9933,37226,Germany
Suhl,50.6106,10.6931,36955,Germany
Erding,48.3001,11.9082,36469,Germany
Kehl,48.5711,7.8089,36089,Germany
Emsdetten,52.1728,7.5344,36012,Germany
Muhlhausen,51.2167,10.45,36200,Germany
Coesfeld,51.9458,7.1675,36217,Germany
Sankt Ingbert,49.3,7.1167,35714,Germany
Tuttlingen,47.985,8.8233,35730,Germany
Limburg,50.3833,8.0667,35243,Germany
Porta Westfalica,52.2167,8.9333,35671,Germany
Ingelheim,49.9747,8.0564,35146,Germany
Sinsheim,49.25,8.8833,35442,Germany
Morfelden-Walldorf,49.9896,8.5661,34828,Germany
Dietzenbach,50.0086,8.7756,34019,Germany
Meppen,52.6906,7.291,35373,Germany
Lage,51.9833,8.8,35047,Germany
Cloppenburg,52.8478,8.0439,34913,Germany
Saarlouis,49.3167,6.75,34552,Germany
Radebeul,51.1033,13.67,34008,Germany
Bad Vilbel,50.1781,8.7361,33990,Germany
Wermelskirchen,51.1392,7.2051,34765,Germany
Winsen,53.3667,10.2167,34896,Germany
Datteln,51.6539,7.3417,34614,Germany
Kempen,51.3658,6.4194,34597,Germany
Seelze,52.3961,9.5981,34442,Germany
Leer,53.2308,7.4528,34486,Germany
Crailsheim,49.1347,10.0706,34400,Germany
Merseburg,51.3544,11.9928,34080,Germany
Zweibrucken,49.2494,7.3608,34209,Germany
Balingen,48.2731,8.8506,34217,Germany
Hemer,51.3833,7.7667,34080,Germany
Barsinghausen,52.3031,9.4606,34234,Germany
Wedel,53.5833,9.7,33547,Germany
Ahrensburg,53.6747,10.2411,33472,Germany
Steinfurt,52.1504,7.3366,34084,Germany
Geldern,51.5197,6.3325,33836,Germany
Viernheim,49.538,8.5792,34175,Germany
Goch,51.6839,6.1619,33825,Germany
Deggendorf,48.8353,12.9644,33585,Germany
Uelzen,52.9647,10.5658,33614,Germany
Korschenbroich,51.1833,6.5167,33066,Germany
Rheinfelden (Baden),47.5611,7.7917,33074,Germany
Biberach,48.0981,9.7886,32938,Germany
Bad Nauheim,50.3667,8.75,32163,Germany
Itzehoe,53.925,9.5164,31879,Germany
Julich,50.9222,6.3583,32632,Germany
Lampertheim,49.5942,8.4671,32537,Germany
Bernburg,51.8,11.7333,32674,Germany
Wernigerode,51.835,10.7853,32733,Germany
Forchheim,49.7197,11.0581,32171,Germany
Naumburg,51.1521,11.8098,32402,Germany
Vechta,52.7306,8.2886,32433,Germany
Altenburg,50.985,12.4333,32074,Germany
Hoyerswerda,51.4331,14.25,32123,Germany
Georgsmarienhutte,52.2031,8.0447,31827,Germany
Furstenwalde,52.3667,14.0667,31941,Germany
Achim,53.013,9.033,31911,Germany
Oer-Erkenschwick,51.6422,7.2508,31442,Germany
Delbruck,51.7667,8.5667,31949,Germany
Herrenberg,48.5967,8.8708,31545,Germany
Gevelsberg,51.3265,7.3559,30695,Germany
Haan,51.1931,7.0131,30484,Germany
Radolfzell am Bodensee,47.7369,8.9697,31203,Germany
Weil am Rhein,47.5947,7.6108,30175,Germany
Kreuztal,50.962,8.0064,31187,Germany
Rheinberg,51.5467,6.6006,31097,Germany
Geesthacht,53.4381,10.3747,30551,Germany
Werl,51.5528,7.9139,30772,Germany
Bramsche,52.4089,7.9728,30952,Germany
Schonebeck,52.0167,11.75,30720,Germany
Burgdorf,52.45,10.0083,30699,Germany
Einbeck,51.8167,9.8667,30826,Germany
Neuruppin,52.9222,12.8,30846,Germany
Unterschleissheim,48.2833,11.5667,28907,Germany
Lohmar,50.8415,7.2166,30363,Germany
Ennepetal,51.3021,7.3425,30075,Germany
Riesa,51.3081,13.2939,30054,Germany
Andernach,50.4397,7.4017,29966,Germany
Osterholz-Scharmbeck,53.2269,8.7947,30300,Germany
Taunusstein,50.1435,8.1606,30005,Germany
Gaggenau,48.8039,8.3194,29777,Germany
Bad Hersfeld,50.8683,9.7067,29800,Germany
Friedberg,48.35,10.9833,29810,Germany
Schwedt (Oder),53.0631,14.2831,29920,Germany
Saalfeld,50.6506,11.3542,29457,Germany
Meschede,51.3503,8.2836,29921,Germany
Derne,51.6667,7.6167,29662,Germany
Neuburg,48.7333,11.1833,29682,Germany
Merzig,49.4471,6.6312,29745,Germany
Kelkheim (Taunus),50.138,8.4525,29055,Germany
Waltrop,51.6167,7.3833,29345,Germany
Tonisvorst,51.3208,6.4931,29306,Germany
Schwelm,51.2904,7.2972,28542,Germany
Vaihingen an der Enz,48.9328,8.9564,29467,Germany
Bretten,49.0364,8.7061,29412,Germany
Steinheim am Main,50.1257,8.83,28403,Germany
Friedberg,50.3353,8.755,29180,Germany
Rietberg,51.8,8.4333,29466,Germany
Rendsburg,54.3044,9.6644,28470,Germany
Gustrow,53.7939,12.1764,29241,Germany
Landsberg,48.0528,10.8689,29132,Germany
Oelde,51.8258,8.1436,29326,Germany
Konigsbrunn,48.2689,10.8908,28076,Germany
Rosrath,50.9,7.1833,28693,Germany
Winnenden,48.8764,9.3978,28339,Germany
Northeim,51.7067,10.0011,29107,Germany
Buhl,48.6953,8.135,28900,Germany
Springe,52.2167,9.55,28951,Germany
Schwandorf,49.3236,12.0993,28828,Germany
Hoxter,51.7667,9.3667,28824,Germany
Meissen,51.1636,13.4775,28044,Germany
Zeitz,51.0478,12.1383,27955,Germany
Leichlingen,51.1167,7.0167,28031,Germany
Griesheim,49.8594,8.5525,27435,Germany
Emmendingen,48.1214,7.8492,27882,Germany
Olching,48.2,11.3167,27741,Germany
Idar-Oberstein,49.7019,7.3253,28323,Germany
Reinbek,53.5089,10.2483,27649,Germany
Wegberg,51.1333,6.2667,28175,Germany
Geislingen an der Steige,48.6244,9.8306,28122,Germany
Baunatal,51.2589,9.4183,27750,Germany
Wetter (Ruhr),51.3881,7.395,27441,Germany
Grimma,51.2386,12.7253,28180,Germany
Kevelaer,51.5833,6.25,28021,Germany
Leimen,49.3481,8.6911,26968,Germany
Bad Neuenahr-Ahrweiler,50.5447,7.1133,28251,Germany
Baesweiler,50.9,6.1833,27033,Germany
Sundern,51.3167,8.0,27802,Germany
Neustadt,48.8111,9.3656,26987,Germany
Mechernich,50.6,6.65,27598,Germany
Arnstadt,50.8342,10.9464,27304,Germany
Wiesloch,49.2942,8.6983,26758,Germany
Neckarsulm,49.1917,9.2244,26492,Germany
Geilenkirchen,50.9653,6.1194,27214,Germany
Rheinbach,50.6256,6.9491,27063,Germany
Overath,50.95,7.3,27040,Germany
Aschersleben,51.75,11.4667,27220,Germany
Heiligenhaus,51.3265,6.971,26335,Germany
Schloss Holte-Stukenbrock,51.8833,8.6167,26776,Germany
Wangen im Allgau,47.6858,9.8342,26905,Germany
Hennigsdorf,52.6378,13.2036,26272,Germany
Lohne,52.6667,8.2386,26762,Germany
Teltow,52.4022,13.2706,25825,Germany
Strausberg,52.5808,13.8814,26587,Germany
Lauf,49.5103,11.2772,26515,Germany
Hamminkeln,51.7319,6.5908,26739,Germany
Obertshausen,50.0715,8.8482,24943,Germany
Weiterstadt,49.9,8.6,25975,Germany
Hohen Neuendorf,52.6667,13.2831,26159,Germany
Muhlacker,48.95,8.8392,26076,Germany
Heppenheim,49.6415,8.645,26023,Germany
Nordenham,53.5,8.4667,26193,Germany
Zirndorf,49.45,10.95,25596,Germany
Butzbach,50.4367,8.6622,26197,Germany
Selm,51.6833,7.4833,26011,Germany
Sangerhausen,51.4667,11.3,26297,Germany
Ehingen an der Donau,48.2833,9.7236,26259,Germany
Bad Honnef am Rhein,50.645,7.2269,25816,Germany
Ludwigsfelde,52.2997,13.2667,26112,Germany
Bingen am Rhein,49.9669,7.895,25659,Germany
Schleswig,54.5153,9.5697,25276,Germany
Geretsried,47.8667,11.4667,25275,Germany
Lindau,47.5458,9.6839,25490,Germany
Pfaffenhofen,48.5333,11.5167,25917,Germany
Kulmbach,50.1,11.4333,25915,Germany
Helmstedt,52.2281,11.0106,25728,Germany
Sankt Wendel,49.4667,7.1667,25862,Germany
Friedrichsdorf,50.2569,8.6418,25194,Germany
Achern,48.6314,8.0739,25630,Germany
Lubbecke,52.3081,8.6231,25490,Germany
Roth,49.2461,11.0911,25593,Germany
Verl,51.8831,8.5167,25498,Germany
Gross-Gerau,49.9214,8.4818,25302,Germany
Zittau,50.8961,14.8072,25381,Germany
Pfungstadt,49.8056,8.6044,25151,Germany
Rinteln,52.1906,9.0814,25484,Germany
Ditzingen,48.8264,9.0667,24883,Germany
Lennestadt,51.1236,8.0681,25503,Germany
Rottweil,48.1681,8.6247,25274,Germany
Wiehl,50.95,7.5333,25135,Germany
Plettenberg,51.2128,7.8715,25318,Germany
Rudolstadt,50.7169,11.3275,25115,Germany
Stassfurt,51.8667,11.5667,25385,Germany
Brilon,51.3956,8.5678,25417,Germany
Markkleeberg,51.2778,12.3833,24679,Germany
Harsewinkel,51.9667,8.2331,25147,Germany
Meckenheim,50.6333,7.0167,24684,Germany
Horb am Neckar,48.445,8.6911,25135,Germany
Norden,53.5967,7.2056,25060,Germany
Salzkotten,51.6708,8.6047,25062,Germany
Petershagen,52.3833,8.9667,25168,Germany
Sprockhovel,51.3614,7.244,24747,Germany
Bad Oldesloe,53.8117,10.3742,24744,Germany
Idstein,50.2206,8.2692,24897,Germany
Delitzsch,51.5264,12.3425,24868,Germany
Eisenhuttenstadt,52.145,14.6728,24633,Germany
Ubach-Palenberg,50.9197,6.1194,24081,Germany
Warstein,51.45,8.3667,24842,Germany
Ronnenberg,52.3194,9.6556,24347,Germany
Espelkamp,52.3772,8.6328,24685,Germany
Olpe,51.0289,7.8514,24688,Germany
Schmallenberg,51.1333,8.3,24869,Germany
Ludinghausen,51.7681,7.4444,24590,Germany
Ohringen,49.2,9.5,24374,Germany
Hannoversch Munden,51.4167,9.65,24467,Germany
Meiningen,50.55,10.4167,24233,Germany
Attendorn,51.1264,7.9033,24367,Germany
Syke,52.9161,8.8186,24355,Germany
Waldshut-Tiengen,47.6231,8.2144,24226,Germany
Waldkraiburg,48.2167,12.4,23442,Germany
Rathenow,52.6,12.3333,24309,Germany
Limbach-Oberfrohna,50.8667,12.75,24029,Germany
Senftenberg,51.5167,14.0167,24275,Germany
Bad Soden am Taunus,50.1424,8.4997,22645,Germany
Varel,53.3969,8.1361,24001,Germany
Quedlinburg,51.7917,11.1472,23989,Germany
Sonneberg,50.35,11.1667,23830,Germany
Dobeln,51.1194,13.1128,23829,Germany
Husum,54.4769,9.0511,23158,Germany
Calw,48.7144,8.7375,23590,Germany
Haren,52.7667,7.2167,23829,Germany
Bad Mergentheim,49.5,9.7667,23704,Germany
Starnberg,47.9972,11.3406,23498,Germany
Bedburg,51.0,6.5625,23531,Germany
Mosbach,49.35,9.1333,23398,Germany
Korbach,51.2719,8.8731,23581,Germany
Herdecke,51.4,7.4333,22733,Germany
Salzwedel,52.85,11.15,23655,Germany
Freudenstadt,48.4633,8.4111,23442,Germany
Juchen,51.1011,6.5017,23337,Germany
Dillenburg,50.7333,8.2833,23365,Germany
Sehnde,52.3161,9.9642,23389,Germany
Herzogenaurach,49.5667,10.8833,23126,Germany
Gelnhausen,50.2027,9.1905,23073,Germany
Netphen,50.9147,8.1,23130,Germany
Puchheim,48.15,11.35,21531,Germany
Eschborn,50.1437,8.569,21488,Germany
Senden,48.3167,10.0667,22336,Germany
Warburg,51.4881,9.14,23079,Germany
Walsrode,52.8592,9.5853,23068,Germany
Gersthofen,48.4167,10.8667,22473,Germany
Wertheim,49.75,9.5167,22780,Germany
Uberlingen,47.7667,9.1583,22554,Germany
Neusass,48.4,10.8333,22058,Germany
Leutkirch im Allgau,47.8256,10.0222,22803,Germany
Eckernforde,54.4742,9.8378,21902,Germany
Westerstede,53.25,7.9167,22778,Germany
Lengerich,52.175,7.8667,22641,Germany
Weilheim,47.8333,11.1333,22477,Germany
Glauchau,50.8233,12.5444,22440,Germany
Vreden,52.0331,6.8331,22641,Germany
Bad Kissingen,50.2,10.0667,22444,Germany
Kaltenkirchen,53.8397,9.9603,21813,Germany
Donaueschingen,47.9531,8.5033,22526,Germany
Metzingen,48.5367,9.2858,22046,Germany
Laupheim,48.2289,9.8797,22298,Germany
Nagold,48.5519,8.7256,22294,Germany
Karben,50.2322,8.7681,22127,Germany
Stadthagen,52.3247,9.2069,22247,Germany
Burg,52.2725,11.855,22478,Germany
Friesoythe,53.0206,7.8586,22456,Germany
Radevormwald,51.2,7.35,22107,Germany
Florsheim,50.0117,8.4281,21572,Germany
Apolda,51.0247,11.5139,22012,Germany
Gardelegen,52.5264,11.3925,22402,Germany
Schwetzingen,49.3833,8.5667,21433,Germany
Hockenheim,49.3181,8.5472,21779,Germany
Heide,54.1961,9.0933,21684,Germany
Spremberg,51.5717,14.3794,22175,Germany
Bad Harzburg,51.8828,10.5617,21945,Germany
Waldkirch,48.0939,7.9608,21809,Germany
Kitzingen,49.7333,10.1667,21704,Germany
Eislingen,48.6933,9.7067,20885,Germany
Budingen,50.2908,9.1125,21959,Germany
Eppingen,49.1333,8.9167,21819,Germany
Sonthofen,47.5142,10.2817,21541,Germany
Elsdorf,50.9333,6.5667,21663,Germany
Xanten,51.6622,6.4539,21690,Germany
Seligenstadt,50.0441,8.9753,21293,Germany
Halle,52.0608,8.3597,21640,Germany
Osterode,51.7286,10.2522,21731,Germany
Quickborn,53.7333,9.8972,21296,Germany
Germersheim,49.2167,8.3667,20779,Germany
Stadtallendorf,50.8333,9.0167,21456,Germany
Versmold,52.0436,8.15,21468,Germany
Zerbst,51.9681,12.0844,21657,Germany
Bad Rappenau,49.2389,9.1028,21398,Germany
Wulfrath,51.2833,7.0333,21035,Germany
Aichach,48.45,11.1333,21434,Germany
Coswig,51.1333,13.5833,20817,Germany
Sondershausen,51.3667,10.8667,21513,Germany
Geseke,51.6497,8.5167,21343,Germany
Schramberg,48.2269,8.3842,21189,Germany
Traunreut,47.9667,12.5833,20977,Germany
Waghausel,49.25,8.5169,20935,Germany
Soltau,52.9833,9.8333,21317,Germany
Gross-Umstadt,49.8683,8.929,21162,Germany
Reichenbach/Vogtland,50.6167,12.3,20625,Germany
Schenefeld,53.6028,9.8233,19271,Germany
Wipperfurth,51.1167,7.4,21003,Germany
Rees,51.7667,6.4,20972,Germany
Frondenberg,51.4719,7.7658,20766,Germany
Bad Schwartau,53.9194,10.6975,20036,Germany
Bruchkobel,50.1833,8.9167,20427,Germany
Werdau,50.7333,12.3833,20793,Germany
Gunzburg,48.4525,10.2711,20707,Germany
Muhldorf,48.2456,12.5228,20323,Germany
Luckenwalde,52.0831,13.1667,20522,Germany
Enger,52.1333,8.5667,20461,Germany
Dillingen,49.35,6.7333,20048,Germany
Traunstein,47.8683,12.6433,20520,Germany
Herborn,50.6825,8.3061,20603,Germany
Schifferstadt,49.3861,8.3761,20193,Germany
Gerlingen,48.8,9.0653,19745,Germany
Mossingen,48.4064,9.0575,20480,Germany
Blieskastel,49.2422,7.2544,20656,Germany
Nidderau,50.25,8.9,20333,Germany
Bad Salzungen,50.8117,10.2333,20244,Germany
Duderstadt,51.5125,10.2597,20466,Germany
Nordlingen,48.85,10.5,20379,Germany
Korntal-Munchingen,48.8306,9.1214,19679,Germany
Schortens,53.5333,7.95,20329,Germany
Stadtlohn,51.9925,6.915,20322,Germany
Meinerzhagen,51.1061,7.6403,20397,Germany
Grossburgwedel,52.4933,9.8586,20369,Germany
Bad Waldsee,47.9211,9.7519,20308,Germany
Annaberg-Buchholz,50.58,13.0022,19769,Germany
Wittmund,53.5747,7.7808,20321,Germany
Zulpich,50.7,6.65,20174,Germany
Oberkirch,48.5322,8.0786,20066,Germany
Donauworth,48.7184,10.777,20080,Germany
Greiz,50.6547,12.1997,20103,Germany
Horstel,52.2972,7.5861,20141,Germany
Leinefelde,51.3833,10.3333,20124,Germany
Lichtenfels,50.1333,11.0333,20133,Germany
Dingolfing,48.6333,12.5,19839,Germany
Neustrelitz,53.3647,13.0636,20140,Germany
Torgau,51.5603,13.0056,20065,Germany
Holzminden,51.8297,9.4483,19998,Germany
Bad Krozingen,47.9181,7.7025,19644,Germany
Wildeshausen,52.8931,8.4314,19932,Germany
Telgte,51.9819,7.7856,19925,Germany
Uetersen,53.6872,9.6692,18496,Germany
Giengen an der Brenz,48.6217,10.245,19666,Germany
Glinde,53.5406,10.2111,18443,Germany
Neviges,51.3128,7.0869,18937,Germany
Ennigerloh,51.8367,8.0256,19829,Germany
Heusenstamm,50.0596,8.8068,18973,Germany
Blankenburg,51.7953,10.9622,19817,Germany
Schopfheim,47.6494,7.8247,19645,Germany
Schmalkalden,50.7167,10.45,19732,Germany
Eschwege,51.1881,10.0528,19606,Germany
Waldbrol,50.8789,7.615,19543,Germany
Ochtrup,52.2056,7.1903,19636,Germany
Sulzbach-Rosenberg,49.5,11.75,19414,Germany
Sarstedt,52.2394,9.8606,19359,Germany
Molln,53.6269,10.6847,19031,Germany
Marsberg,51.45,8.85,19640,Germany
Oschersleben,52.0167,11.25,19630,Germany
Weil der Stadt,48.7508,8.8706,19205,Germany
Burghausen,48.1667,12.8333,18701,Germany
Hechingen,48.3517,8.9633,19324,Germany
Hemmingen,52.3236,9.7256,18998,Germany
Rhede,51.8333,6.7006,19328,Germany
Haiger,50.7422,8.2039,19378,Germany
Borna,51.1167,12.5,19229,Germany
Bad Aibling,47.865,12.0097,19100,Germany
Seesen,51.8931,10.1783,19340,Germany
Buckeburg,52.2608,9.0492,19245,Germany
Bad Berleburg,51.0497,8.4,19446,Germany
Zossen,52.2167,13.4497,19403,Germany
Mayen,50.3333,7.2167,19144,Germany
Tettnang,47.6708,9.5875,19198,Germany
Mullheim,47.8083,7.6308,19127,Germany
Kolbermoor,47.85,12.0667,18505,Germany
Vellmar,51.3588,9.4677,18134,Germany
Bad Tolz,47.7603,11.5567,18802,Germany
Bad Pyrmont,51.9867,9.2636,19090,Germany
Wittlich,49.9869,6.8897,18995,Germany
Haldensleben,52.2833,11.4167,19247,Germany
Bergneustadt,51.0333,7.65,18865,Germany
Lebach,49.41,6.91,19006,Germany
Kronberg,50.1797,8.5085,18311,Germany
Puttlingen,49.2833,6.8833,18510,Germany
Pfullingen,48.4656,9.2261,18654,Germany
Sommerda,51.1617,11.1169,19034,Germany
Dillingen,48.5667,10.4667,18978,Germany
Bad Driburg,51.7333,9.0167,19002,Germany
Prenzlau,53.3167,13.8667,19024,Germany
Oberasbach,49.4219,10.9583,17672,Germany
Kleinsachsenheim,48.96,9.0647,18794,Germany
Radeberg,51.1167,13.9167,18463,Germany
Alzey,49.7517,8.1161,18535,Germany
Moosburg,48.4667,11.9333,18510,Germany
Alfeld,51.9886,9.8269,18626,Germany
Crimmitschau,50.8181,12.3875,18536,Germany
Burscheid,51.1,7.1167,18172,Germany
Renningen,48.7661,8.9347,18206,Germany
Alzenau in Unterfranken,50.0881,9.0497,18469,Germany
Konz,49.7028,6.5794,18348,Germany
Schneverdingen,53.1167,9.8,18662,Germany
Marktoberdorf,47.7667,10.6167,18539,Germany
Wassenberg,51.1,6.15,18292,Germany
Bad Reichenhall,47.7247,12.8769,18278,Germany
Auerbach,50.5094,12.4,18357,Germany
Vlotho,52.1667,8.8497,18429,Germany
Bad Durkheim,49.4618,8.1724,18476,Germany
Hochheim am Main,50.0108,8.3508,17743,Germany
Weissenburg,49.0306,10.9719,18464,Germany
Bremervorde,53.4833,9.1333,18528,Germany
Hochelheim,50.5167,8.7,18143,Germany
Lahnstein,50.3011,7.6056,18067,Germany
Grossenhain,51.2833,13.55,18218,Germany
Garching bei Munchen,48.25,11.65,17711,Germany
Schwalmstadt,50.9128,9.1889,18122,Germany
Forst,51.7333,14.6333,18164,Germany
Schkeuditz,51.4,12.2167,18066,Germany
Hessisch Oldendorf,52.1667,9.25,18130,Germany
Werdohl,51.2563,7.7562,17737,Germany
Worth am Rhein,49.0517,8.2603,18123,Germany
Bad Segeberg,53.9356,10.3089,17267,Germany
Parchim,53.4167,11.8333,18037,Germany
Bexbach,49.3494,7.2594,17577,Germany
Heidenau,50.9833,13.8667,16593,Germany
Freilassing,47.8333,12.9667,16939,Germany
Freudenberg,50.8997,7.8667,17739,Germany
Sinzig,50.5453,7.2519,17614,Germany
Kelsterbach,50.0688,8.5301,16936,Germany
Nauen,52.6,12.8831,17967,Germany
Ginsheim-Gustavsburg,49.9646,8.3464,16807,Germany
Illertissen,48.2167,10.0833,17473,Germany
Frankenberg,51.0589,8.7967,17808,Germany
Buchen in Odenwald,49.5217,9.3233,17796,Germany
Schwarzenbek,53.5042,10.4792,16447,Germany
Bad Sackingen,47.5533,7.9472,17144,Germany
Oerlinghausen,51.9667,8.6667,17286,Germany
Saulgau,48.0175,9.5003,17509,Germany
Bendorf,50.4297,7.5703,16940,Germany
Bad Munder am Deister,52.1992,9.4653,17465,Germany
Wendlingen am Neckar,48.6747,9.3817,16268,Germany
Bad Langensalza,51.1081,10.6467,17441,Germany
Raunheim,50.0097,8.45,16284,Germany
Thale,51.7511,11.0428,17442,Germany
Marktredwitz,50.0,12.0667,17217,Germany
Remagen,50.5786,7.2306,17032,Germany
Bobingen,48.2667,10.8167,17199,Germany
Trossingen,48.0756,8.6361,16829,Germany
Sulzbach,49.3,7.0667,16468,Germany
Sigmaringen,48.0867,9.2164,17278,Germany
Nidda,50.4128,9.0092,17285,Germany
Gescher,51.9569,7.0056,17205,Germany
Bad Munstereifel,50.5531,6.7661,17299,Germany
Eutin,54.1378,10.6181,16971,Germany
Heilbad Heiligenstadt,51.3775,10.1344,17105,Germany
Horn-Bad Meinberg,51.8833,8.9667,17178,Germany
Stockach,47.8514,9.0114,17114,Germany
Wittenberge,52.9936,11.7514,17015,Germany
Schrobenhausen,48.5669,11.2583,17106,Germany
Guben,51.9533,14.7167,16933,Germany
Konigstein im Taunus,50.1831,8.4635,16648,Germany
Altena,51.3,7.6667,16922,Germany
Kamenz,51.2667,14.1,16975,Germany
Damme,52.5222,8.1956,17127,Germany
Bad Wildungen,51.1167,9.1167,17137,Germany
Penzberg,47.75,11.3667,16586,Germany
Marienberg,50.6508,13.1647,17097,Germany
Freiberg am Neckar,48.9347,9.1917,15968,Germany
Bargteheide,53.7167,10.2667,16109,Germany
Kronach,50.2411,11.3281,16874,Germany
Cham,49.2183,12.6658,16907,Germany
Babenhausen,49.9624,8.9533,16834,Germany
Schwarzenberg,50.5453,12.7792,16723,Germany
Preetz,54.2367,10.2822,15958,Germany
Diepholz,52.6072,8.3711,16882,Germany
Reinheim,49.8261,8.8348,16346,Germany
Kelheim,48.9167,11.8667,16714,Germany
Marbach am Neckar,48.9406,9.2575,16008,Germany
Burstadt,49.6414,8.4546,16398,Germany
Gunzenhausen,49.1147,10.7542,16614,Germany
Aue,50.5853,12.7008,16012,Germany
Illingen,49.3764,7.0525,16262,Germany
Zeulenroda,50.6333,11.9667,16487,Germany
Hunfeld,50.6667,9.7667,16512,Germany
Kirchhain,50.8167,8.9167,16298,Germany
Brackenheim,49.0833,9.0667,16106,Germany
Finsterwalde,51.6331,13.7167,16220,Germany
Bad Lippspringe,51.7833,8.8167,16089,Germany
Wurzen,51.3667,12.7167,16154,Germany
Weisswasser,51.5,14.6331,16130,Germany
Brakel,51.7167,9.1833,16270,Germany
Kierspe,51.1333,7.5667,16137,Germany
Dieburg,49.8985,8.8385,15679,Germany
Michelstadt,49.6786,9.0042,16151,Germany
Straelen,51.45,6.2667,16114,Germany
Halver,51.1834,7.5027,16106,Germany
Walldorf,49.3,8.65,15534,Germany
Erwitte,51.6167,8.3497,16045,Germany
Clausthal-Zellerfeld,51.805,10.3356,15888,Germany
Bad Worishofen,48.0058,10.5969,15963,Germany
Pocking,48.3997,13.3167,15967,Germany
Taucha,51.38,12.4936,15673,Germany
Lubbenau,51.8667,13.9667,16021,Germany
Ebersbach an der Fils,48.7147,9.5236,15535,Germany
Alsfeld,50.7511,9.2711,15989,Germany
Schluchtern,50.35,9.5167,15914,Germany
Bassum,52.8494,8.7267,15955,Germany
Weener,53.1692,7.3564,15842,Germany
Fussen,47.5667,10.7,15608,Germany
Eilenburg,51.4608,12.6358,15583,Germany
Breisach am Rhein,48.0289,7.58,15606,Germany
Markranstadt,51.3017,12.2211,15619,Germany
Wadern,49.5394,6.89,15727,Germany
Neustadt in Holstein,54.1072,10.8158,15093,Germany
Templin,53.1167,13.5,15798,Germany
Bad Neustadt,50.3219,10.2161,15411,Germany
Konigslutter am Elm,52.25,10.8167,15704,Germany
Plochingen,48.7117,9.4164,14433,Germany
Erlensee,50.1635,8.9808,14899,Germany
Drensteinfurt,51.7944,7.7392,15542,Germany
Bad Bentheim,52.3031,7.1597,15486,Germany
Kunzelsau,49.2833,9.6833,15391,Germany
Arolsen,51.3778,9.0167,15470,Germany
Schriesheim,49.4736,8.6592,15081,Germany
Rahden,52.4167,8.6167,15441,Germany
Boppard,50.2314,7.5908,15325,Germany
Neustadt bei Coburg,50.3289,11.1211,15257,Germany
Ober-Ramstadt,49.8333,8.75,15130,Germany
Mainburg,48.65,11.7833,15241,Germany
Hofgeismar,51.496,9.3872,15294,Germany
Langenau,48.4994,10.1211,15247,Germany
Hohenstein-Ernstthal,50.8,12.7167,14607,Germany
Huckeswagen,51.145,7.3417,15060,Germany
Brake,53.3333,8.4833,14965,Germany
Markgroningen,48.9047,9.0808,14785,Germany
Blomberg,51.9331,9.0831,15154,Germany
Selb,50.1667,12.1333,15128,Germany
Ribnitz-Damgarten,54.25,12.4667,15167,Germany
Witzenhausen,51.3417,9.8569,15167,Germany
Mindelheim,48.0333,10.4667,15002,Germany
Bitburg,49.9747,6.5256,14904,Germany
Neutraubling,48.9878,12.1964,13796,Germany
Gehrden,52.3135,9.6008,14864,Germany
Landsberg,51.5246,12.1596,15054,Germany
Ratzeburg,53.7017,10.7567,14652,Germany
Hilchenbach,50.9983,8.1094,14906,Germany
Uhingen,48.7058,9.5919,14422,Germany
Neu-Anspach,50.3003,8.5072,14618,Germany
Bad Bramstedt,53.9186,9.8844,14420,Germany
Mittweida,50.9856,12.9811,14645,Germany
Meerane,50.8519,12.4636,14208,Germany
Fritzlar,51.1333,9.2667,14744,Germany
Rotenburg an der Fulda,50.995,9.7272,14676,Germany
Pattensen,52.2645,9.7644,14636,Germany
Spenge,52.1331,8.4831,14487,Germany
Lobau,51.0944,14.6667,14643,Germany
Dorfen,48.2667,12.15,14650,Germany
Lauchhammer,51.5,13.8,14622,Germany
Usingen,50.334,8.5372,14505,Germany
Bad Wurzach,47.9094,9.8994,14651,Germany
Stein bei Nurnberg,49.4167,11.0167,13996,Germany
Lauda-Konigshofen,49.5686,9.7039,14542,Germany
Ottweiler,49.4014,7.1634,14358,Germany
Jever,53.5744,7.9008,14301,Germany
Eberbach,49.4667,8.9833,14460,Germany
Olsberg,51.35,8.4833,14489,Germany
Oschatz,51.3003,13.1072,14349,Germany
Sandersdorf,51.6167,12.2333,14398,Germany
Neustadt an der Donau,48.8,11.7667,14409,Germany
Bad Camberg,50.3,8.2667,14263,Germany
Langenselbold,50.1833,9.0333,13979,Germany
Schneeberg,50.5942,12.6456,13894,Germany
Wilsdruff,51.0522,13.5383,14297,Germany
Gernsbach,48.7633,8.3342,14296,Germany
Munsingen,48.4128,9.4953,14335,Germany
Immenstadt im Allgau,47.5667,10.2167,14271,Germany
Tornesch,53.7,9.7167,13779,Germany
Sassenberg,51.9897,8.0408,14260,Germany
Dippoldiswalde,50.8933,13.6667,14293,Germany
Hettstedt,51.6333,11.5,14023,Germany
Markdorf,47.7208,9.3917,14031,Germany
Uslar,51.6597,9.6358,14236,Germany
Schwabmunchen,48.1789,10.755,14075,Germany
Frankenberg,50.9108,13.0378,14088,Germany
Quakenbruck,52.6772,7.9575,13500,Germany
Wittstock,53.1636,12.4856,14198,Germany
Murrhardt,48.9794,9.5783,14033,Germany
Eppstein,50.1401,8.392,13655,Germany
Isny im Allgau,47.6919,10.0394,14018,Germany
Abensberg,48.8109,11.8595,13946,Germany
Grunstadt,49.5692,8.1681,13422,Germany
Lubben,51.95,13.9,14024,Germany
Vohringen,48.2833,10.0833,13557,Germany
Leuna,51.3167,12.0167,13969,Germany
Grafing bei Munchen,48.05,11.9667,13660,Germany
Bebra,50.9711,9.7903,13962,Germany
Montabaur,50.4375,7.8258,13691,Germany
Holzgerlingen,48.6392,9.0108,13103,Germany
Schmolln,50.895,12.3564,13741,Germany
Kalkar,51.7389,6.2925,13902,Germany
Eggenfelden,48.4039,12.7642,13736,Germany
Genthin,52.4,12.1667,13985,Germany
Zeven,53.2969,9.2789,13809,Germany
Wanzleben,52.0667,11.4333,13903,Germany
Asslar,50.5833,8.4667,13656,Germany
Philippsburg,49.2369,8.4547,13615,Germany
Erbach,49.6569,8.9931,13666,Germany
Melsungen,51.1333,9.55,13659,Germany
Hassfurt,50.0353,10.5123,13609,Germany
Lich,50.5217,8.8208,13650,Germany
Eichstatt,48.8919,11.1839,13525,Germany
Neckargemund,49.3939,8.7975,13290,Germany
Lauterbach,50.6378,9.3944,13664,Germany
Spaichingen,48.0758,8.7378,13084,Germany
Angermunde,53.0333,14.0,13744,Germany
Hilpoltstein,49.1833,11.1833,13624,Germany
Biedenkopf,50.9128,8.5322,13614,Germany
Grunberg,50.6,8.95,13598,Germany
Bergen,54.4167,13.4333,13460,Germany
Burglengenfeld,49.2061,12.0409,13554,Germany
Weissenhorn,48.3044,10.1593,13442,Germany
Erbach,48.3281,9.8878,13453,Germany
Bad Laasphe,50.9303,8.4167,13565,Germany
Lorsch,49.6539,8.5675,13643,Germany
Bergen,52.8103,9.9611,13556,Germany
Hochstadt an der Aisch,49.7056,10.8058,13422,Germany
Bad Soden-Salmunster,50.2833,9.3667,13370,Germany
Krumbach,48.2431,10.3633,13293,Germany
Ettenheim,48.2556,7.8119,13316,Germany
Pfullendorf,47.9242,9.2567,13437,Germany
Landau an der Isar,48.6749,12.6913,13390,Germany
Loningen,52.7167,7.7667,13441,Germany
Schuttorf,52.3167,7.2167,12839,Germany
Zehdenick,52.9831,13.3331,13437,Germany
Buchloe,48.0375,10.725,13132,Germany
Bad Durrheim,48.0167,8.5333,13260,Germany
Wehr,47.6331,7.9042,13098,Germany
Wernau,48.6886,9.4222,12324,Germany
Tauberbischofsheim,49.6225,9.6628,13231,Germany
Plattling,48.7767,12.8736,13043,Germany
Besigheim,48.9989,9.1414,12627,Germany
Pegnitz,49.7564,11.545,13244,Germany
Rodental,50.2883,11.0276,13107,Germany
Wasserburg am Inn,48.0608,12.2333,12691,Germany
Bad Salzdetfurth,52.0578,10.0058,13145,Germany
Neustadt,49.58,10.6089,13121,Germany
Dinklage,52.6622,8.125,13150,Germany
Zella-Mehlis,50.6597,10.6669,12863,Germany
Velen,51.8939,6.9897,13130,Germany
Wiesmoor,53.4,7.7333,13141,Germany
Sendenhorst,51.8439,7.8278,13157,Germany
Herbrechtingen,48.6253,10.1739,13051,Germany
Ostringen,49.2194,8.7108,13015,Germany
Beverungen,51.6628,9.3725,13115,Germany
Weilburg,50.4833,8.25,12990,Germany
Wolfhagen,51.3272,9.1709,13059,Germany
Sankt Georgen im Schwarzwald,48.1247,8.3308,12958,Germany
Schleiden,50.5331,6.4667,13053,Germany
Waltershausen,50.8975,10.5558,12973,Germany
Olfen,51.7086,7.38,12846,Germany
Herzberg am Harz,51.6556,10.3394,12889,Germany
Treuchtlingen,48.9553,10.9094,12942,Germany
Hersbruck,49.5081,11.4328,12512,Germany
Rothenbach an der Pegnitz,49.4847,11.2475,12203,Germany
Haselunne,52.6667,7.4667,12914,Germany
Schongau,47.8167,10.9,12396,Germany
Sulingen,52.6667,8.8,12842,Germany
Pfarrkirchen,48.4419,12.9443,12677,Germany
Mockern,52.1406,11.9525,12874,Germany
Hemsbach,49.5903,8.6564,11968,Germany
Weinsberg,49.1519,9.2858,12336,Germany
Steinheim,51.8658,9.0944,12657,Germany
Wachtersbach,50.2667,9.3,12542,Germany
Linnich,50.9789,6.2678,12593,Germany
Hadamar,50.45,8.05,12480,Germany
Steinheim am der Murr,48.9667,9.2833,12220,Germany
Brunsbuttel,53.8964,9.1386,12554,Germany
Neuenburg am Rhein,47.8147,7.5619,12437,Germany
Bad Urach,48.4932,9.3989,12472,Germany
Winterberg,51.195,8.53,12611,Germany
Hungen,50.4731,8.8996,12538,Germany
Blaubeuren,48.4119,9.785,12521,Germany
Fehmarnsund,54.4454,11.1702,12592,Germany
Lauenburg,53.3758,10.5589,11444,Germany
Anklam,53.85,13.6833,12385,Germany
Rosbach vor der Hohe,50.2986,8.7006,12307,Germany
Twistringen,52.8,8.65,12449,Germany
Frohburg,51.0561,12.555,12470,Germany
Feuchtwangen,49.1667,10.3167,12452,Germany
Bad Windsheim,49.5,10.4167,12382,Germany
Ebersberg,48.0833,11.9667,12239,Germany
Erkner,52.4167,13.75,11815,Germany
Lindenberg im Allgau,47.6031,9.8861,11546,Germany
Beelitz,52.2333,12.9667,12448,Germany
Velten,52.6833,13.1833,11965,Germany
Sulz am Neckar,48.3628,8.6317,12336,Germany
Hessisch Lichtenau,51.2,9.7167,12359,Germany
Preussisch Oldendorf,52.2833,8.5,12289,Germany
Bad Freienwalde,52.7856,14.0325,12365,Germany
Gladenbach,50.7681,8.5828,12262,Germany
Possneck,50.7,11.6,11924,Germany
Titisee-Neustadt,47.9122,8.2147,12269,Germany
Ludwigslust,53.3332,11.5023,12233,Germany
Juterbog,51.9933,13.0728,12311,Germany
Hagenow,53.4317,11.1931,12137,Germany
Gaildorf,49.0,9.7667,12080,Germany
Wunnenberg,51.5167,8.7,12177,Germany
Vilsbiburg,48.4475,12.3475,12074,Germany
Burladingen,48.2903,9.1094,12146,Germany
Perleberg,53.0667,11.8667,12141,Germany
Wolgast,54.05,13.7667,12028,Germany
Neuenrade,51.2839,7.78,11982,Germany
Neustadt,51.0239,14.2167,12051,Germany
Roding,49.1936,12.5192,12081,Germany
Zwonitz,50.6303,12.8133,11993,Germany
Lauffen am Neckar,49.0764,9.1567,11640,Germany
Ladenburg,49.4719,8.6092,11537,Germany
Harrislee,54.7972,9.3764,11531,Germany
Leingarten,49.15,9.1167,11633,Germany
Oestrich-Winkel,50.0085,8.0199,11869,Germany
Bad Fallingbostel,52.8675,9.6967,11852,Germany
Lichtenstein,50.7564,12.6317,11285,Germany
Hildburghausen,50.4261,10.7289,11836,Germany
Pritzwalk,53.1497,12.1831,11924,Germany
Geisenheim,49.9831,7.9656,11704,Germany
Dinkelsbuhl,49.0708,10.3194,11825,Germany
Diez,50.3708,8.0158,11074,Germany
Bad Durrenberg,51.2955,12.0658,11643,Germany
Drolshagen,51.0333,7.7667,11779,Germany
Miesbach,47.789,11.8338,11562,Germany
Maxhutte-Haidhof,49.2,12.1,11575,Germany
Osterhofen,48.7,13.0167,11798,Germany
Laichingen,48.4897,9.6861,11731,Germany
Budelsdorf,54.3167,9.6833,10297,Germany
Bopfingen,48.8569,10.3522,11727,Germany
Coswig,51.8833,12.4333,11824,Germany
Mulheim-Karlich,50.3869,7.4953,11177,Germany
Monschau,50.55,6.25,11726,Germany
Hauzenberg,48.6517,13.6236,11649,Germany
Wolmirstedt,52.25,11.6167,11536,Germany
Grafenhainichen,51.7292,12.4556,11654,Germany
Billerbeck,51.9792,7.295,11566,Germany
Schwaigern,49.1333,9.05,11425,Germany
Bad Nenndorf,52.3369,9.3786,11144,Germany
Walldurn,49.5831,9.3681,11518,Germany
Schoningen,52.138,10.9674,11306,Germany
Langelsheim,51.9381,10.335,11361,Germany
Stollberg,50.7083,12.7783,11303,Germany
Werther,52.0764,8.4136,11274,Germany
Rutesheim,48.8097,8.945,10916,Germany
Gluckstadt,53.7917,9.4219,11069,Germany
Wittingen,52.7281,10.7391,11503,Germany
Rheinau,48.6678,7.9347,11395,Germany
Balve,51.3333,7.8667,11361,Germany
Rothenburg ob der Tauber,49.3772,10.1789,11243,Germany
Marktheidenfeld,49.85,9.6,11194,Germany
Ochsenfurt,49.6711,10.0498,11319,Germany
Geisenfeld,48.684,11.6117,11363,Germany
Welzheim,48.8747,9.6344,11176,Germany
Bad Schwalbach,50.1401,8.0694,11187,Germany
Trostberg an der Alz,48.0167,12.55,11222,Germany
Wildau,52.3167,13.6333,10303,Germany
Herbolzheim,48.2219,7.7775,11065,Germany
Eisenberg,50.9667,11.9,10885,Germany
Friedrichsthal,49.3256,7.0961,10133,Germany
Lauingen,48.5667,10.4333,11000,Germany
Braunfels,50.5175,8.3889,10976,Germany
Lorch,48.7983,9.6883,10885,Germany
Gengenbach,48.4042,8.0153,11023,Germany
Belzig,52.1422,12.5956,11144,Germany
Regen,48.97,13.1264,11001,Germany
Osterwieck,51.9667,10.7167,11103,Germany
Betzdorf,50.7856,7.8728,10141,Germany
Floha,50.8558,13.0714,10762,Germany
Hammelburg,50.1167,9.9,11037,Germany
Bischofswerda,51.1275,14.1797,10883,Germany
Burgstadt,50.9167,12.8167,10672,Germany
Olbernhau,50.6667,13.3333,10991,Germany
Nieder-Olm,49.9083,8.2028,10150,Germany
Schleusingen,50.5117,10.7506,10960,Germany
Ruthen,51.4933,8.4333,10957,Germany
Altensteig,48.5864,8.6047,10799,Germany
Sussen,48.6797,9.7575,10192,Germany
Barmstedt,53.7833,9.7667,10368,Germany
Bad Iburg,52.1592,8.0472,10661,Germany
Donzdorf,48.6833,9.8167,10682,Germany
Boizenburg,53.3743,10.7231,10724,Germany
Engen,47.8528,8.7714,10796,Germany
Isselburg,51.8331,6.4667,10692,Germany
Langenzenn,49.4944,10.7947,10665,Germany
Lollar,50.6497,8.7044,10395,Germany
Erlenbach am Main,49.8039,9.1639,10227,Germany
Braunsbedra,51.2833,11.9,10678,Germany
Haigerloch,48.3647,8.805,10669,Germany
Messstetten,48.1806,8.9625,10653,Germany
Bleicherode,51.4167,10.5667,10419,Germany
Demmin,53.905,13.0439,10657,Germany
Felsberg,51.1346,9.4215,10627,Germany
Tangerhutte,52.4333,11.8,10718,Germany
Riedlingen,48.1553,9.4728,10528,Germany
Lichtenau,51.6,8.8833,10632,Germany
Nossen,51.05,13.3,10598,Germany
Gernsheim,49.7517,8.485,10423,Germany
Waldkirchen,48.7306,13.6011,10534,Germany
Weilheim an der Teck,48.615,9.5386,10275,Germany
Querfurt,51.3833,11.6,10593,Germany
Altotting,48.2264,12.6759,10119,Germany
Gommern,52.0739,11.8231,10543,Germany
Wilkau-Hasslau,50.6667,12.5167,9784,Germany
Grevesmuhlen,53.8667,11.1667,10354,Germany
Bad Lauterberg,51.6317,10.4706,10269,Germany
Staffelstein,50.099,10.9962,10389,Germany
Oelsnitz,50.4167,12.1667,10285,Germany
Bogen,48.9167,12.6833,10263,Germany
Tangermunde,52.5408,11.9689,10310,Germany
Werlte,52.85,7.6833,10260,Germany
Pasewalk,53.5063,13.99,10213,Germany
Bad Frankenhausen,51.3558,11.1011,10230,Germany
Steinau an der Strasse,50.3167,9.4667,10275,Germany
Neuenstadt am Kocher,49.2333,9.3333,10123,Germany
Munchberg,50.1831,11.7857,10215,Germany
Kenzingen,48.1917,7.7683,10089,Germany
Aulendorf,47.9542,9.6389,10180,Germany
Neuenhaus,52.5,6.9667,10025,Germany
Aich,48.6228,9.2372,9901,Germany
Bad Ems,50.3381,7.7106,9681,Germany
Burgau,48.4322,10.4069,9923,Germany
Meuselwitz,51.05,12.3,10065,Germany
Wildberg,48.6239,8.7472,10069,Germany
Blumberg,47.8392,8.5342,10127,Germany
Bad Orb,50.2167,9.35,10020,Germany
Bad Wildbad,48.7503,8.5506,10130,Germany
Rehburg-Loccum,52.4508,9.2078,10110,Germany
Simbach am Inn,48.2656,13.0231,9923,Germany
Wahlstedt,53.95,10.2167,9596,Germany
Niebull,54.7881,8.8297,9882,Germany
Heubach,48.7833,9.9333,9774,Germany
Schotten,50.5,9.1167,10059,Germany
Rudesheim am Rhein,49.979,7.9234,9922,Germany
Klotze,52.6272,11.1642,10077,Germany
Kurort Steinbach-Hallenberg,50.7006,10.5667,9681,Germany
Nideggen,50.7,6.4833,9945,Germany
Mengen,48.0497,9.33,9896,Germany
Oldenburg in Holstein,54.2922,10.8867,9833,Germany
Ohrdruf,50.8281,10.7328,9784,Germany
Toging am Inn,48.272,12.6059,9291,Germany
Bad Konig,49.7413,9.0071,9762,Germany
Bad Breisig,50.5092,7.2964,9460,Germany
Bad Gandersheim,51.8719,10.0253,9823,Germany
Osthofen,49.7078,8.3289,9402,Germany
Grossrohrsdorf,51.1419,14.0139,9666,Germany
Brandis,51.3347,12.6089,9613,Germany
Bockenem,52.0117,10.1319,9795,Germany
Beilngries,49.0333,11.4667,9768,Germany
Gudensberg,51.1762,9.3575,9657,Germany
Bad Liebenzell,48.7742,8.7314,9573,Germany
Hohr-Grenzhausen,50.435,7.6711,9260,Germany
Schlitz,50.6759,9.5593,9764,Germany
Heilsbronn,49.3386,10.7908,9670,Germany
Osterburg,52.7833,11.7667,9782,Germany
Kemberg,51.7736,12.6359,9737,Germany
Grimmen,54.11,13.0414,9572,Germany
Eisenberg,49.5614,8.0725,9264,Germany
Neustadt,50.85,9.1167,9586,Germany
Oberstdorf,47.4097,10.2792,9707,Germany
Heiligenhafen,54.3739,10.9797,9211,Germany
Hohenmolsen,51.1564,12.0981,9565,Germany
Visselhovede,52.9833,9.6,9629,Germany
Dassel,51.8033,9.6903,9604,Germany
Laubach,50.5426,8.9891,9583,Germany
Ilsenburg,51.8667,10.6833,9526,Germany
Brand-Erbisdorf,50.8689,13.3219,9452,Germany
Zwiesel,49.0167,13.2333,9421,Germany
Luckau,51.85,13.7167,9582,Germany
Zschopau,50.75,13.0667,9214,Germany
Trebbin,52.2167,13.1997,9541,Germany
Reinfeld,53.8333,10.4833,9058,Germany
Altlandsberg,52.5667,13.7331,9490,Germany
Niesky,51.2897,14.83,9402,Germany
Furstenau,52.5167,7.6667,9439,Germany
Lugde,51.95,9.25,9448,Germany
Rehau,50.2486,12.0354,9424,Germany
Sebnitz,50.9667,14.2833,9432,Germany
Obernkirchen,52.2664,9.1178,9246,Germany
Luchow,52.9667,11.15,9420,Germany
Neu Bleckede,53.3,10.7333,9457,Germany
Sassnitz,54.5164,13.6411,9320,Germany
Runkel,50.4053,8.155,9303,Germany
Miltenberg,49.7039,9.2644,9355,Germany
Rauenberg,49.2678,8.7036,8693,Germany
Zwenkau,51.2175,12.3242,9274,Germany
Wertingen,48.5333,10.6667,9294,Germany
Wunsiedel,50.0374,11.9994,9259,Germany
Ichenhausen,48.3712,10.3071,9148,Germany
Laufenburg (Baden),47.5656,8.0647,9029,Germany
Kandel,49.0828,8.1964,9061,Germany
Kyritz,52.9422,12.3972,9303,Germany
Vallendar,50.4003,7.6172,8680,Germany
Bad Bevensen,53.0792,10.5833,9122,Germany
Hemau,49.0519,11.7828,9224,Germany
Zorbig,51.6167,12.1167,9216,Germany
Torgelow,53.6167,14.0,9153,Germany
Westerland,54.91,8.3075,9032,Germany
Tecklenburg,52.2194,7.8125,9145,Germany
Mendig,50.3744,7.2808,8895,Germany
Bad Liebenwerda,51.5167,13.4,9188,Germany
Mittenwalde,52.2667,13.5333,9140,Germany
Furth im Wald,49.3097,12.84,9093,Germany
Furtwangen im Schwarzwald,48.0503,8.2092,9091,Germany
Neuhaus am Rennweg,50.51,11.1378,9076,Germany
Griesbach,48.45,13.2,9055,Germany
Elsfleth,53.2333,8.4667,9105,Germany
Waldheim,51.0667,13.0167,8964,Germany
Neuotting,48.2167,12.6833,8932,Germany
Ortenberg,50.3558,9.0553,9001,Germany
Hallstadt,49.9333,10.8833,8575,Germany
Plon,54.1622,10.4214,8914,Germany
Borgholzhausen,52.1,8.3,8973,Germany
Elze,52.1167,9.7333,8939,Germany
Freystadt,49.1989,11.3292,9013,Germany
Doberlug-Kirchhain,51.6167,13.5667,9062,Germany
Nittenau,49.1964,12.2686,9019,Germany
Waldenbuch,48.6372,9.1317,8717,Germany
Breckerfeld,51.2611,7.4667,8938,Germany
Herzberg,51.6831,13.2331,9027,Germany
Werneuchen,52.6331,13.7331,8994,Germany
Obernburg am Main,49.84,9.1414,8712,Germany
Ballenstedt,51.72,11.2375,8940,Germany
Volkach,49.8641,10.2269,8857,Germany
Ochsenhausen,48.0722,9.9481,8856,Germany
Florstadt,50.3158,8.8631,8753,Germany
Bernsbach,50.5667,12.75,8678,Germany
Schleiz,50.5833,11.8167,8854,Germany
Naunhof,51.2778,12.5883,8735,Germany
Rain,48.6833,10.9167,8836,Germany
Hermsdorf,50.8981,11.8567,7893,Germany
Auerbach,49.692,11.6333,8818,Germany
Penig,50.9336,12.7058,8780,Germany
Stadtilm,50.7758,11.0825,8420,Germany
Bad Schussenried,48.0067,9.6586,8734,Germany
Landstuhl,49.4122,7.5722,8348,Germany
Bad Lauchstadt,51.3865,11.8696,8783,Germany
Bad Bergzabern,49.1031,7.9989,8124,Germany
Nierstein,49.8694,8.3375,8443,Germany
Barth,54.3667,12.7167,8658,Germany
Hemmoor,53.7025,9.1394,8673,Germany
Altenerding,48.2932,11.9054,8196,Germany
Grossbottwar,49.0014,9.2931,8512,Germany
Mansfeld,51.5942,11.4547,8765,Germany
Kappeln,54.6614,9.9311,8619,Germany
Bad Sooden-Allendorf,51.2667,9.9667,8675,Germany
Tirschenreuth,49.8789,12.3369,8707,Germany
Kuppenheim,48.8275,8.2544,8330,Germany
Mucheln,51.3,11.8,8681,Germany
Berching,49.1064,11.4394,8702,Germany
Calbe,51.9033,11.7758,8609,Germany
Hainichen,50.9697,13.1253,8588,Germany
Barntrup,51.9831,9.1167,8587,Germany
Staufenberg,50.6667,8.7167,8423,Germany
Neuenkirchen,52.5167,8.0667,8621,Germany
Kirchen,50.8086,7.8833,8498,Germany
Weida,50.7667,12.0667,8472,Germany
Bersenbruck,52.5553,7.9472,8501,Germany
Ueckermunde,53.7333,14.0333,8591,Germany
Kirn,49.7881,7.4572,8193,Germany
Perl,49.4667,6.3667,8566,Germany
Grossraschen,51.5831,14.0,8572,Germany
Klingenthal,50.3669,12.4686,8365,Germany
Teterow,53.7667,12.5667,8470,Germany
Premnitz,52.5331,12.3331,8453,Germany
Oppenheim,49.8556,8.3603,7562,Germany
Lutzen,51.2583,12.1417,8546,Germany
Schieder-Schwalenberg,51.8831,9.1831,8475,Germany
Simmern,49.9833,7.5167,7950,Germany
Lauta,51.4481,14.0997,8411,Germany
Wissen,50.7825,7.735,8354,Germany
Borgentreich,51.5692,9.2411,8523,Germany
Kellinghusen,53.95,9.7167,8142,Germany
Colditz,51.1167,12.8167,8472,Germany
Staufen im Breisgau,47.8814,7.7314,8209,Germany
Helmbrechts,50.2368,11.7159,8413,Germany
Lossnitz,50.6214,12.7317,8267,Germany
Messkirch,47.9928,9.1125,8418,Germany
Worrstadt,49.8431,8.1156,8027,Germany
Viechtach,49.0792,12.8847,8364,Germany
Neuenburg,48.8461,8.5889,8206,Germany
Vohburg an der Donau,48.7667,11.6167,8312,Germany
Baiersdorf,49.6564,11.0328,7794,Germany
Kirchberg,50.6222,12.5256,8242,Germany
Barby,51.9667,11.8667,8394,Germany
Zwingenberg,49.7225,8.6139,7171,Germany
Oranienbaum,51.8036,12.4064,8344,Germany
Neunburg vorm Wald,49.3467,12.3908,8338,Germany
Bonnigheim,49.0408,9.095,8015,Germany
Dornstetten,48.47,8.4994,8061,Germany
Grafenau,48.8561,13.3969,8256,Germany
Ostseebad Kuhlungsborn,54.1333,11.75,7896,Germany
Kandern,47.7144,7.6608,8249,Germany
Lugau,50.7383,12.7464,8013,Germany
Leisnig,51.1667,12.9167,8257,Germany
Rottenburg an der Laaber,48.7019,12.0272,8267,Germany
Knittlingen,49.0239,8.7569,8048,Germany
Ransbach-Baumbach,50.4661,7.7253,7715,Germany
Zell am Harmersbach,48.3467,8.0639,8112,Germany
Konnern,51.6697,11.7708,8261,Germany
Falkenstein,50.4667,12.3667,8061,Germany
Dannenberg,53.0833,11.0833,8200,Germany
Bismark,52.6667,11.55,8256,Germany
Bad Schmiedeberg,51.6881,12.7375,8222,Germany
Mockmuhl,49.3167,9.35,8078,Germany
Oberkochen,48.7839,10.1053,7895,Germany
Neustadt,50.7333,11.75,8002,Germany
Willebadessen,51.6331,9.0331,8142,Germany
Arnstein,49.9667,9.9833,8125,Germany
Bad Herrenalb,48.8006,8.4408,7948,Germany
Vetschau,51.7831,14.0667,8103,Germany
Teuchern,51.1167,12.0167,8077,Germany
Beeskow,52.1667,14.25,8042,Germany
Daun,50.1986,6.8319,7974,Germany
Bad Lausick,51.1447,12.6453,8005,Germany
Medebach,51.1972,8.7069,8055,Germany
Oederan,50.8617,13.1672,8002,Germany
Clausthal,51.8036,10.3331,7741,Germany
Kirchheimbolanden,49.6664,8.0117,7802,Germany
Herrieden,49.233,10.5064,7999,Germany
Schweich,49.82,6.7522,7827,Germany
Treuen,50.5425,12.3022,7894,Germany
Ramstein-Miesenbach,49.4461,7.5547,7876,Germany
Elsterwerda,51.4578,13.5239,7856,Germany
Rheinsberg,53.0983,12.8958,8015,Germany
Bad Duben,51.5919,12.5853,7865,Germany
Altomunster,48.3833,11.25,7925,Germany
Neresheim,48.7542,10.3344,7945,Germany
Berchtesgaden,47.6314,13.0042,7780,Germany
Butzow,53.85,11.9833,7799,Germany
Altenberg,50.7644,13.7578,7908,Germany
Bad Liebenstein,50.8144,10.3542,7786,Germany
Hufingen,47.9261,8.49,7799,Germany
Sontra,51.0667,9.9333,7839,Germany
Naila,50.3299,11.7083,7684,Germany
Calau,51.7458,13.9508,7769,Germany
Allstedt,51.4,11.3833,7745,Germany
Gerolstein,50.2239,6.6614,7676,Germany
Harzgerode,51.6417,11.1428,7745,Germany
Eisfeld,50.4167,10.9167,7646,Germany
Saarburg,49.6092,6.5503,7427,Germany
Loffingen,47.8839,8.3436,7676,Germany
Pulsnitz,51.1817,14.0131,7467,Germany
Bad Wimpfen,49.2306,9.1631,7359,Germany
Rosswein,51.0667,13.1833,7564,Germany
Lengefeld,50.7167,13.1833,7634,Germany
Kremmen,52.7667,13.0331,7657,Germany
Markneukirchen,50.3167,12.3167,7583,Germany
Munnerstadt,50.2526,10.1966,7606,Germany
Kahla,50.8008,11.5875,6822,Germany
Hardegsen,51.6528,9.8322,7587,Germany
Groitzsch,51.1556,12.2806,7550,Germany
Kotzting,49.1769,12.855,7498,Germany
Teublitz,49.2208,12.0853,7418,Germany
Renchen,48.5858,8.0106,7361,Germany
Bad Sachsa,51.5969,10.5522,7346,Germany
Meldorf,54.0833,9.0667,7204,Germany
Konigsee,50.6613,11.0974,7448,Germany
Albbruck,47.5908,8.1295,7335,Germany
Vohenstrauss,49.6167,12.3333,7398,Germany
Birkenfeld,49.65,7.1833,6984,Germany
Haslach im Kinzigtal,48.2778,8.0869,7114,Germany
Homberg,50.7333,9.0,7400,Germany
Malchin,53.7333,12.7833,7403,Germany
Friedrichroda,50.8575,10.5651,7275,Germany
Radeburg,51.2125,13.7256,7325,Germany
Otterndorf,53.8081,8.8997,7238,Germany
Gundelsheim,49.2833,9.1667,7254,Germany
Treuenbrietzen,52.0972,12.8711,7405,Germany
Gedern,50.4244,9.1997,7342,Germany
Eibenstock,50.4956,12.5975,7370,Germany
Bernkastel-Kues,49.9161,7.0694,7134,Germany
Leipheim,48.4489,10.2208,7209,Germany
Weikersheim,49.4817,9.8992,7333,Germany
Oebisfelde,52.4333,10.9833,7341,Germany
Neugersdorf,50.9789,14.6108,6260,Germany
Groditz,51.4142,13.4464,7125,Germany
Dettelbach,49.8017,10.1618,7240,Germany
Ebern,50.1,10.7936,7270,Germany
Parsberg,49.15,11.7167,7213,Germany
Elzach,48.1747,8.0717,7242,Germany
Nortorf,54.1667,9.8667,6804,Germany
Schesslitz,49.9767,11.0339,7259,Germany
Wriezen,52.7167,14.1331,7254,Germany
Immenhausen,51.4167,9.5,7068,Germany
Gau-Algesheim,49.95,8.0167,6827,Germany
Freyung,48.8075,13.5475,7166,Germany
Heringen,50.8872,10.0056,7187,Germany
Lengenfeld,50.5667,12.3667,7118,Germany
Gerolzhofen,49.9,10.35,6889,Germany
Annweiler am Trifels,49.2033,7.9667,7081,Germany
Dingelstadt,51.3156,10.3194,6893,Germany
Greding,49.0519,11.3606,7126,Germany
Gerbstedt,51.6331,11.6167,7110,Germany
Rodalben,49.2397,7.6425,6749,Germany
Ettersburg,51.0611,11.2442,7097,Germany
Hartha,51.0978,12.9772,7034,Germany
Schwarzenbach an der Saale,50.2208,11.9333,7042,Germany
Ebermannstadt,49.7806,11.1848,6971,Germany
Neukirchen,50.8667,9.3333,6986,Germany
Stadtroda,50.85,11.7333,6692,Germany
Neustadt-Glewe,53.3794,11.5883,7009,Germany
Buttstadt,51.1167,11.4167,6707,Germany
Dietenheim,48.2119,10.0733,6715,Germany
Marne,53.95,9.0,5858,Germany
Edenkoben,49.2839,8.1272,6690,Germany
Polch,50.3011,7.3167,6821,Germany
Hecklingen,51.85,11.5167,6970,Germany
Moringen,51.7,9.8667,6956,Germany
Reichelsheim,50.3569,8.8725,6769,Germany
Geithain,51.05,12.6833,6888,Germany
Bonndorf im Schwarzwald,47.8194,8.3431,6922,Germany
Warnemunde,54.1753,12.0883,5937,Germany
Schelklingen,48.3756,9.7325,6883,Germany
Bohlen,51.2025,12.3858,6687,Germany
Artern,51.3667,11.3,6799,Germany
Hochstadt an der Donau,48.6112,10.5682,6756,Germany
Geiselhoring,48.8258,12.3925,6860,Germany
Romhild,50.3833,10.55,6869,Germany
Rodenberg,52.3128,9.3594,6505,Germany
Muncheberg,52.5036,14.1397,6870,Germany
Volkmarsen,51.3833,9.1167,6804,Germany
Jerichow,52.4995,12.028,6858,Germany
Herdorf,50.7775,7.9547,6498,Germany
Maulbronn,49.0003,8.8108,6588,Germany
Altenkirchen,50.6872,7.6456,6263,Germany
Waldeck,51.2,9.0667,6761,Germany
Waldsassen,50.0,12.3,6694,Germany
Waldmunchen,49.3785,12.7049,6728,Germany
Heitersheim,47.8753,7.6547,6257,Germany
Malchow,53.4833,12.4333,6627,Germany
Luftkurort Arendsee,52.8767,11.4867,6750,Germany
Glashutte,50.85,13.7833,6698,Germany
Mitterteich,49.9498,12.2442,6596,Germany
Annaburg,51.7328,13.0456,6731,Germany
Guglingen,49.0667,9.0,6353,Germany
Boxberg,49.4814,9.6417,6664,Germany
Bad Bruckenau,50.3091,9.7871,6449,Germany
Ilshofen,49.1703,9.9203,6584,Germany
Hermeskeil,49.6572,6.9489,6492,Germany
Horstmar,52.0806,7.3083,6551,Germany
Sobernheim,49.7872,7.6528,6573,Germany
Arnstedt,51.6833,11.4667,6616,Germany
Zierenberg,51.3667,9.3,6592,Germany
Neuenstein,49.2,9.5833,6531,Germany
Neuffen,48.5544,9.3756,6299,Germany
Osterburken,49.4308,9.4261,6507,Germany
Uffenheim,49.5333,10.25,6518,Germany
Thalheim,50.7025,12.8517,6051,Germany
Burgkunstadt,50.1356,11.2499,6451,Germany
Rodewisch,50.5167,12.4167,6359,Germany
Thannhausen,48.2667,10.4667,6277,Germany
Bad Blankenburg,50.6833,11.2667,6407,Germany
Havelberg,52.825,12.0744,6537,Germany
Grossalmerode,51.2575,9.7844,6402,Germany
Bad Marienberg,50.6519,7.9522,5961,Germany
Linz am Rhein,50.5703,7.2847,6200,Germany
Friedland,53.659,13.5397,6472,Germany
Blankenhain,50.86,11.3439,6455,Germany
Zell im Wiesental,47.7069,7.8514,6325,Germany
Beerfelden,49.5676,8.9738,6399,Germany
Rodach,50.3333,10.7833,6394,Germany
Laage,53.9322,12.3467,6396,Germany
Rosenfeld,48.2864,8.7242,6347,Germany
Kolleda,51.1667,11.2167,6391,Germany
Lubz,53.4631,12.0283,6342,Germany
Klingenberg am Main,49.7833,9.1833,6160,Germany
Trochtelfingen,48.3081,9.2444,6366,Germany
Falkenberg,51.5831,13.2322,6368,Germany
Beilstein,49.0333,9.3167,6195,Germany
Gammertingen,48.2494,9.2175,6320,Germany
Meersburg,47.6958,9.2708,5944,Germany
Grossbreitenbach,50.5833,11.012,6352,Germany
Pegau,51.1667,12.25,6288,Germany
Alpirsbach,48.3461,8.4039,6304,Germany
Grafenwohr,49.7167,11.9,6363,Germany
Wittenburg,53.5,11.0667,6313,Germany
Dohna,50.9547,13.8575,6146,Germany
Neumarkt-Sankt Veit,48.3667,12.5,6243,Germany
Hachenburg,50.6614,7.8203,6059,Germany
Norderney,53.7072,7.1469,6089,Germany
Neustadt,49.7306,12.1706,5727,Germany
Geisingen,47.9222,8.6464,6202,Germany
Oberlungwitz,50.7833,12.7167,5881,Germany
Glucksburg,54.8336,9.55,6124,Germany
Rotha,51.1972,12.4172,6141,Germany
Spangenberg,51.1167,9.6667,6183,Germany
Nabburg,49.4533,12.1808,6117,Germany
Bad Honningen,50.5178,7.3086,5920,Germany
Lutjenburg,54.2947,10.5914,5322,Germany
Vilseck,49.6,11.8,6093,Germany
Nieheim,51.7997,9.1097,6093,Germany
Treffurt,51.1367,10.2375,6084,Germany
Wassertrudingen,49.0333,10.6,6041,Germany
Dornhan,48.3494,8.5122,6006,Germany
Braunlage,51.7264,10.6101,5854,Germany
Windsbach,49.2489,10.8291,6018,Germany
Riedenburg,48.9667,11.6833,6030,Germany
Bad Konigshofen im Grabfeld,50.2992,10.4667,5984,Germany
Geislingen,48.2875,8.8125,5881,Germany
Moorbad Lobenstein,50.4522,11.6393,5931,Germany
Kastellaun,50.0694,7.4431,5410,Germany
Schlusselfeld,49.7567,10.6193,5941,Germany
Mugeln,51.2333,13.05,5913,Germany
Herrnhut,51.0167,14.7417,5922,Germany
Stadtoldendorf,51.8833,9.6167,5757,Germany
Bredstedt,54.62,8.9644,5429,Germany
Wemding,48.8667,10.7167,5802,Germany
Westerburg,50.5639,7.9725,5666,Germany
Haiterbach,48.5244,8.6503,5761,Germany
Munzenberg,50.4533,8.7761,5769,Germany
Rochlitz,51.0481,12.7986,5711,Germany
Wolfach,48.2994,8.2228,5850,Germany
Leun,50.55,8.3667,5728,Germany
Hausach,48.2853,8.1797,5768,Germany
Braunlingen,47.9297,8.4481,5828,Germany
Gransee,53.0069,13.1586,5871,Germany
Kaltennordheim,50.6333,10.1667,5853,Germany
Waibstadt,49.2975,8.92,5682,Germany
Biesenthal,52.7667,13.6331,5791,Germany
Tittmoning,48.0631,12.7669,5798,Germany
Dierdorf,50.5489,7.6594,5700,Germany
Hagenbach,49.0206,8.2483,5523,Germany
Wirges,50.4742,7.7953,5341,Germany
Furstenberg,53.1853,13.1456,5838,Germany
Grebenstein,51.45,9.4167,5745,Germany
Weidenberg,49.9422,11.7203,5772,Germany
Neubulach,48.6611,8.6967,5624,Germany
Schwarzheide,51.4831,13.8333,5652,Germany
Wittichenau,51.385,14.244,5715,Germany
Schrozberg,49.3444,9.9806,5741,Germany
Grossschirma,50.9664,13.2781,5665,Germany
Bodenwerder,51.9667,9.5167,5561,Germany
Traben-Trarbach,49.9511,7.1167,5567,Germany
Wasungen,50.6667,10.3667,5541,Germany
Grabow,53.2798,11.5531,5633,Germany
Hirschau,49.5333,11.95,5629,Germany
Munderkingen,48.2353,9.6439,5292,Germany
Grossschonau,50.8964,14.6622,5465,Germany
Ruhla,50.8919,10.3667,5540,Germany
Leutershausen,49.2919,10.4162,5615,Germany
Prum,50.2081,6.4244,5438,Germany
Stolpen,51.0489,14.0828,5576,Germany
Gadebusch,53.7,11.1167,5530,Germany
Unkel,50.6008,7.215,5021,Germany
Abenberg,49.2406,10.9619,5511,Germany
Mellrichstadt,50.4278,10.3027,5525,Germany
Ellrich,51.5856,10.6681,5543,Germany
Schoppenstedt,52.1331,10.7783,5474,Germany
Harburg,48.7667,10.6667,5535,Germany
Kemnath,49.8667,11.8833,5508,Germany
Ingelfingen,49.3,9.65,5480,Germany
Drebkau,51.65,14.2167,5538,Germany
Cochem,50.1469,7.1667,5312,Germany
Otterberg,49.5044,7.7711,5389,Germany
Seelow,52.5167,14.3831,5426,Germany
Jestetten,47.6522,8.5708,5276,Germany
Gersfeld,50.45,9.9167,5458,Germany
Tharandt,50.9833,13.5808,5400,Germany
Niedenstein,51.2333,9.3167,5299,Germany
Rockenhausen,49.6286,7.8206,5322,Germany
Pfreimd,49.5,12.1833,5349,Germany
Eltmann,49.9718,10.6666,5299,Germany
Neudenau,49.2833,9.2667,5266,Germany
Thum,50.6711,12.9514,5146,Germany
Kusel,49.5347,7.3981,5405,Germany
Altentreptow,53.6927,13.2562,5307,Germany
Battenberg,51.0167,8.65,5323,Germany
Heimsheim,48.8056,8.8619,5035,Germany
Stuhlingen,47.7453,8.4458,5327,Germany
Lindenfels,49.6849,8.7803,5124,Germany
Mahlberg,48.2869,7.8114,5061,Germany
Bederkesa,53.6271,8.8304,5227,Germany
Velburg,49.2328,11.6719,5312,Germany
Pottenstein,49.7722,11.4114,5226,Germany
Borkum,53.5881,6.6697,5125,Germany
Oettingen in Bayern,48.95,10.5833,5142,Germany
Vacha,50.8289,10.0214,5173,Germany
Ronneburg,50.8636,12.1808,5026,Germany
Wahrenbruck,51.55,13.35,5245,Germany
Arzberg,50.0667,12.1833,5152,Germany
Amoneburg,50.7978,8.9231,5096,Germany
Robel,53.3761,12.6061,5044,Germany
Hofheim in Unterfranken,50.1333,10.5167,5109,Germany
Forchtenberg,49.2833,9.5667,5057,Germany
Kulsheim,49.6694,9.5206,5122,Germany
Monheim,48.8422,10.8564,5093,Germany
Erbendorf,49.8333,12.05,5085,Germany
Schwaan,53.9333,12.1,5022,Germany
Freren,52.4667,7.5333,5023,Germany
Spalt,49.1739,10.9275,5023,Germany
Oberviechtach,49.4667,12.4167,5030,Germany
Hollfeld,49.9369,11.2908,5043,Germany
Naumburg,51.25,9.1667,5028,Germany
Saal,48.9011,11.9319,5626,Germany
